"Reference","Qty","Value","Exclude from Board","Footprint","Datasheet","Sim.Pins"
"C1","1","2n2","","Capacitor_SMD:C_0805_2012Metric_Pad1.18x1.45mm_HandSolder","~",""
"C2,C89,C100,C112,C119","5","10n","","Capacitor_SMD:C_0805_2012Metric_Pad1.18x1.45mm_HandSolder","~",""
"C3,C4,C85","3","10n","","Capacitor_SMD:C_1210_3225Metric_Pad1.33x2.70mm_HandSolder","~",""
"C5,C6,C7,C8,C10,C11,C13,C14,C16,C17,C18,C19,C20,C21,C23,C24,C26,C27,C28,C29,C30,C31,C34,C35,C38,C39,C40,C41,C42,C43,C45,C46","32","130n","","Capacitor_SMD:C_0805_2012Metric_Pad1.18x1.45mm_HandSolder","~",""
"C9","1","47u","","Capacitor_SMD:C_0805_2012Metric_Pad1.18x1.45mm_HandSolder","~",""
"C12,C22,C32,C33,C44,C48,C84,C103,C110,C121","10","470p","","Capacitor_SMD:C_0805_2012Metric_Pad1.18x1.45mm_HandSolder","~",""
"C15,C25,C36,C37,C47,C49","6","3n","","Capacitor_SMD:C_0805_2012Metric_Pad1.18x1.45mm_HandSolder","~",""
"C50,C51","2","6n8","","Capacitor_SMD:C_0805_2012Metric_Pad1.18x1.45mm_HandSolder","~",""
"C52,C53,C54,C55,C56,C57,C58,C59,C60,C61,C62,C63,C64,C65,C66,C67,C68,C69,C70,C71,C72,C73,C74,C75,C76,C77,C78,C79,C80,C81,C82,C83,C87,C88,C90,C92,C93,C94,C95,C96,C97,C98,C99,C104,C105,C106,C107,C108,C109,C113,C117","51","100n","","Capacitor_SMD:C_0805_2012Metric_Pad1.18x1.45mm_HandSolder","~",""
"C86,C102,C111,C120","4","1n","","Capacitor_SMD:C_0805_2012Metric_Pad1.18x1.45mm_HandSolder","~",""
"C91,C114,C118","3","10u","","Capacitor_THT:CP_Radial_D5.0mm_P2.50mm","~",""
"C101","1","4u7","","Capacitor_SMD:C_0805_2012Metric_Pad1.18x1.45mm_HandSolder","~",""
"C115,C116","2","10u","","Capacitor_SMD:C_1210_3225Metric_Pad1.33x2.70mm_HandSolder","~",""
"D1,D2,D4","3","D","","Diode_SMD:D_0805_2012Metric_Pad1.15x1.40mm_HandSolder","~","1=K 2=A"
"D3","1","LED","","LED_THT:LED_D3.0mm","~","1=K 2=A"
"H1,H2,H5,H6,H7,H8,H9,H10,H11,H13,H14,H15,H16","13","MountingHole","","MountingHole:MountingHole_3.2mm_M3_Pad","~",""
"H3,H4,H12","3","MountingHole_Pad","","MountingHole:MountingHole_3.2mm_M3_Pad","~",""
"J1","1","Bass_Out","","Connector_PinSocket_2.54mm_LongPads:PinSocket_1x02_P2.54mm_Vertical_LongPads","~",""
"J2","1","R_Phono_In","","Connector_PinHeader_2.54mm_LongPads:PinHeader_1x02_P2.54mm_Vertical_LongPads","~",""
"J3","1","L_Phono_In","","Connector_PinHeader_2.54mm_LongPads:PinHeader_1x02_P2.54mm_Vertical_LongPads","~",""
"J4","1","Phono/Line_Out","","Connector_PinSocket_2.54mm_LongPads:PinSocket_1x02_P2.54mm_Vertical_LongPads","~",""
"J5","1","Phono/Line_In","","Connector_PinHeader_2.54mm_LongPads:PinHeader_1x02_P2.54mm_Vertical_LongPads","~",""
"J6","1","Kick_Out","","Connector_PinSocket_2.54mm_LongPads:PinSocket_1x02_P2.54mm_Vertical_LongPads","~",""
"J7","1","R_Line_In","","Connector_PinHeader_2.54mm_LongPads:PinHeader_1x02_P2.54mm_Vertical_LongPads","~",""
"J8","1","L_Line_In","","Connector_PinHeader_2.54mm_LongPads:PinHeader_1x02_P2.54mm_Vertical_LongPads","~",""
"J9","1","Mic_In","","Connector_PinHeader_2.54mm_LongPads:PinHeader_1x03_P2.54mm_Vertical_LongPads","~",""
"J10","1","Mid_Out","","Connector_PinSocket_2.54mm_LongPads:PinSocket_1x02_P2.54mm_Vertical_LongPads","~",""
"J11","1","High_Out","","Connector_PinSocket_2.54mm_LongPads:PinSocket_1x02_P2.54mm_Vertical_LongPads","~",""
"J12,J14,J16,J23,J27","5","Mic_Effekt_Out","","Connector_PinSocket_2.54mm_LongPads:PinSocket_1x02_P2.54mm_Vertical_LongPads","~",""
"J13,J15,J24","3","Mic_Effekt_In","","Connector_PinHeader_2.54mm_LongPads:PinHeader_1x02_P2.54mm_Vertical_LongPads","~",""
"J17","1","AUX_RET_1","","Connector_PinHeader_2.54mm_LongPads:PinHeader_1x02_P2.54mm_Vertical_LongPads","~",""
"J18","1","AUX_Send_1","","Connector_PinSocket_2.54mm_LongPads:PinSocket_1x02_P2.54mm_Vertical_LongPads","~",""
"J19","1","Line_Out_L","","Connector_PinSocket_2.54mm_LongPads:PinSocket_1x02_P2.54mm_Vertical_LongPads","~",""
"J20","1","Effekt_In","","Connector_PinHeader_2.54mm_LongPads:PinHeader_1x02_P2.54mm_Vertical_LongPads","~",""
"J21","1","Line_Out_R","","Connector_PinSocket_2.54mm_LongPads:PinSocket_1x02_P2.54mm_Vertical_LongPads","~",""
"J22","1","AUX_RET_2","","Connector_PinHeader_2.54mm_LongPads:PinHeader_1x02_P2.54mm_Vertical_LongPads","~",""
"J25","1","AUX_Send_3","","Connector_PinSocket_2.54mm_LongPads:PinSocket_1x02_P2.54mm_Vertical_LongPads","~",""
"J26","1","AUX_Send_2","","Connector_PinSocket_2.54mm_LongPads:PinSocket_1x02_P2.54mm_Vertical_LongPads","~",""
"J28","1","AUX_RET_3","","Connector_PinHeader_2.54mm_LongPads:PinHeader_1x02_P2.54mm_Vertical_LongPads","~",""
"J29,J32","2","Pegel_Out","","Connector_PinSocket_2.54mm_LongPads:PinSocket_1x02_P2.54mm_Vertical_LongPads","~",""
"J30,J31,J40,J41","4","Conn_02x07_Odd_Even","","Connector_PinHeader_2.54mm:PinHeader_2x07_P2.54mm_Vertical","~",""
"J33,J35,J36,J42","4","Pegel_In","","Connector_PinHeader_2.54mm_LongPads:PinHeader_1x02_P2.54mm_Vertical_LongPads","~",""
"J34","1","VU_Meter_Out","","Connector_PinSocket_2.54mm_LongPads:PinSocket_1x04_P2.54mm_Vertical_LongPdas","~",""
"J37","1","LED_Out","","Connector_PinSocket_2.54mm_LongPads:PinSocket_1x02_P2.54mm_Vertical_LongPads","~",""
"J38","1","LED_In","","Connector_PinHeader_2.54mm_LongPads:PinHeader_1x02_P2.54mm_Vertical_LongPads","~",""
"J39","1","VCC_IN","","Connector_PinHeader_2.54mm_LongPads:PinHeader_1x02_P2.54mm_Vertical_LongPads","~",""
"J43","1","VCC_OUT","","Connector_PinHeader_2.54mm_LongPads:PinHeader_1x02_P2.54mm_Vertical_LongPads","~",""
"L1,L2,L3,L5","4","Dämpfungsperle, 220 Ohm @ 100MHz, 0.5A","","Inductor_SMD:L_1206_3216Metric","~",""
"L4","1","~","","WE-SL575:WE-SL575","",""
"R1,R24,R26,R48,R78,R114,R129,R131","8","4k7","","Resistor_SMD:R_0805_2012Metric_Pad1.20x1.40mm_HandSolder","~",""
"R2,R7,R9,R16,R21,R25,R27,R30,R33,R44,R45,R49,R52,R53,R54,R57,R62,R63,R66,R67,R72,R75,R79,R80,R83,R89,R90,R92,R98,R102,R103,R104,R107,R108,R109,R111,R112,R115,R116,R117,R118,R120,R121,R124,R125,R126,R130,R132,R134,R135,R140,R147,R148,R152,R153,R154,R155,R156,R157","59","10k","","Resistor_SMD:R_0805_2012Metric_Pad1.20x1.40mm_HandSolder","~",""
"R3","1","36k","","Resistor_SMD:R_0805_2012Metric_Pad1.20x1.40mm_HandSolder","~",""
"R4","1","390k","","Resistor_SMD:R_0805_2012Metric_Pad1.20x1.40mm_HandSolder","~",""
"R5,R6,R10,R11,R22,R23,R28,R29,R34,R35,R46,R47,R50,R51,R59,R60,R73,R74,R76,R77,R81,R82,R86,R87,R99,R100,R105,R106","28","6k8","","Resistor_SMD:R_0805_2012Metric_Pad1.20x1.40mm_HandSolder","~",""
"R8,R12,R17,R18,R19,R20,R31,R37,R40,R41,R42,R43,R55,R58,R64,R65,R68,R69,R70,R71,R84,R91,R93,R94,R95,R96,R97,R101","28","22k","","Resistor_SMD:R_0805_2012Metric_Pad1.20x1.40mm_HandSolder","~",""
"R13,R32,R38,R56,R85,R122,R136,R137","8","470R","","Resistor_SMD:R_0805_2012Metric_Pad1.20x1.40mm_HandSolder","~",""
"R14,R15,R36,R39,R61,R88,R123,R138,R139,R145,R146,R149","12","1k","","Resistor_SMD:R_0805_2012Metric_Pad1.20x1.40mm_HandSolder","~",""
"R110,R113,R119,R127,R128,R133","6","5k","","Resistor_SMD:R_0805_2012Metric_Pad1.20x1.40mm_HandSolder","~",""
"R141","1","20k","","Resistor_SMD:R_0805_2012Metric_Pad1.20x1.40mm_HandSolder","~",""
"R142","1","80k","","Resistor_SMD:R_0805_2012Metric_Pad1.20x1.40mm_HandSolder","~",""
"R143,R144","2","1k8","","Resistor_SMD:R_0805_2012Metric_Pad1.20x1.40mm_HandSolder","~",""
"R150","1","12k","","Resistor_SMD:R_0805_2012Metric_Pad1.20x1.40mm_HandSolder","~",""
"R151","1","3k","","Resistor_SMD:R_0805_2012Metric_Pad1.20x1.40mm_HandSolder","~",""
"RV1,RV4,RV5,RV8,RV14,RV20,RV21,RV22","8","50k log","","Connector_PinSocket_2.54mm_LongPads:PinSocket_1x03_P2.54mm_Vertical_LongPads","~",""
"RV2,RV10,RV17","3","220k log","","Connector_PinSocket_2.54mm_LongPads:PinSocket_2x03_P2.54mm_Vertical_LongPads_Mirrored","~",""
"RV3,RV7,RV12,RV13,RV16,RV18","6","47k lin","","Connector_PinSocket_2.54mm_LongPads:PinSocket_1x03_P2.54mm_Vertical_LongPads","~",""
"RV6,RV11,RV15,RV19","4","220k log","","Connector_PinSocket_2.54mm_LongPads:PinSocket_2x03_P2.54mm_Vertical_LongPads","~",""
"RV9","1","10k lin","","Connector_PinSocket_2.54mm_LongPads:PinSocket_1x03_P2.54mm_Vertical_LongPads","~",""
"SW1,SW3,SW4,SW5,SW6,SW7,SW8,SW9,SW10","9","SW_SPDT","","Connector_PinHeader_2.54mm_LongPads:PinHeader_1x02_P2.54mm_Vertical_LongPads","~",""
"SW2","1","SW_SPDT","","Connector_PinHeader_2.54mm_LongPads:PinHeader_1x03_P2.54mm_Vertical_LongPads","~",""
"SW11","1","SW_Rotary_1x4","","Connector_PinHeader_2.54mm_LongPads:PinHeader_1x05_P2.54mm_Vertical_LongPads","~",""
"SW12","1","SW_DPST","","Connector_PinSocket_2.54mm_LongPads:PinSocket_1x04_P2.54mm_Vertical_LongPdas","~",""
"U1,U2,U3,U4,U5,U6,U7,U8,U9,U10,U11,U12,U13,U14,U15,U16,U17,U18,U19,U20,U21,U22,U23,U24","24","TL074","","Package_DIP:DIP-14_W7.62mm_Socket_LongPads","http://www.ti.com/lit/ds/symlink/tl071.pdf",""
"U8,U11,U17,U19","4","TL074","","","http://www.ti.com/lit/ds/symlink/tl071.pdf",""
"U25","1","REC10K-2409","","REC10K-2409SAW_H2:CONV_REC10K-2409SAW_H2","",""
"U26","1","REC10K-2415","","REC10K-2415DAW_H2:CONV_REC10K-2415DAW_H2","",""
"Z1,Z2,Z3,Z4,Z5,Z6,Z7,Z8,Z9,Z10,Z11,Z12,Z13,Z14,Z15,Z16,Z17,Z18,Z19,Z20,Z21,Z22,Z23,Z24,Z25,Z26,Z27,Z28,Z29,Z30,Z31,Z32,Z33,Z34,Z35,Z36,Z37,Z38,Z39,Z40,Z41,Z42,Z43,Z44,Z45,Z46,Z47,Z48,Z49,Z50,Z51,Z52,Z53,Z54,Z55,Z56,Z57,Z58,Z59,Z60,Z61,Z62,Z63,Z64,Z65,Z66,Z67,Z68,Z69,Z70,Z71,Z72,Z73,Z74,Z75,Z76,Z77,Z78,Z79,Z80,Z81,Z82,Z83,Z84,Z85,Z86,Z87,Z88,Z89,Z90,Z91,Z92,Z93,Z94,Z95,Z96,Z97,Z98,Z99,Z100,Z101,Z102,Z103,Z104,Z105,Z106,Z107,Z108,Z109,Z110,Z111,Z112,Z113,Z114,Z115,Z116,Z117,Z118,Z119,Z120,Z121,Z122,Z123,Z124,Z125,Z126,Z127,Z128,Z129,Z130,Z131,Z132,Z133,Z134,Z135,Z136,Z137,Z138,Z139,Z140,Z141,Z142,Z143,Z144,Z145,Z146,Z147,Z148,Z149,Z150,Z151,Z152,Z153,Z154,Z155,Z156,Z157,Z158,Z159,Z160,Z161,Z162,Z163,Z164,Z165,Z166,Z167,Z168,Z169,Z170,Z171,Z172,Z173,Z174,Z175,Z176,Z177,Z178,Z179,Z180,Z181,Z182,Z183,Z184,Z185,Z186,Z187,Z188,Z189,Z190,Z191,Z192,Z193,Z194,Z195,Z196,Z197,Z198,Z199,Z200,Z201,Z202,Z203,Z204,Z205,Z206,Z207,Z208,Z209,Z210,Z211,Z212,Z213,Z214,Z215,Z216,Z217,Z218,Z219,Z220,Z221,Z222,Z223,Z224,Z225,Z226,Z227,Z228,Z229,Z230,Z231,Z232,Z233,Z234,Z235,Z236,Z237,Z238,Z239,Z240,Z241,Z242,Z243,Z244,Z245,Z246,Z247,Z248,Z249,Z250,Z251,Z252,Z253,Z254,Z255,Z256,Z257,Z258,Z259,Z260,Z261,Z262,Z263,Z264,Z265,Z266,Z267,Z268,Z269,Z270,Z271,Z272,Z273,Z274","274","~","","Resistor_SMD:R_0805_2012Metric_Pad1.20x1.40mm_HandSolder","~",""
